{
	"daftar" : [
		{
			"title" : "Yester Evasie",
			"jpg" : "yester.jpg",
			"mp" : "yester.mp3"
		},
		{
			"title" : "Futari No Kimochi",
			"jpg": "inhuyasa.jpeg",
			"mp" : "inhuyasa.mp3"
		},
		{
			"title" : "Umbrella",
			"jpg" : "umbrella.jpg",
			"mp" : "umbrella.mp3"
		},
		{
			"title" : "Hare Hare",
			"jpg" : "hare.jpg",
			"mp" : "hare.mp3"
		},
		{
			"title" : "Hope",
			"jpg" : "hope.jpg",
			"mp" : "hope.mp3"
		},
		{
			"title" : "Up Down",
			"jpg" : "up.jpg",
			"mp" : "up.mp3"
		},
		{
			"title" : "Lucid dream",
			"jpg" : "lucid.jpeg",
			"mp" : "lucid.mp3"
		},
		{
			"title" : "Darkside",
			"jpg" : "dark.png",
			"mp" : "dark.mp3"
		},
		{
			"title" : "Dragon_Knigth",
			"jpg" : "dragon",
			"mp" : "drgmp3"
		}
	]
}